ID,data_medicao,peso_kg,altura_cm,observacao_antropometria
1,2019-01-05,3.55,51.0,Nascimento (Grave: Baixo Peso no 5º Ano)
1,2020-01-05,9.80,76.5,1 ano
1,2021-01-05,12.50,88.0,2 anos
1,2022-01-05,14.50,96.0,3 anos
1,2023-01-05,16.50,105.0,4 anos
1,2024-01-05,18.00,111.0,Última visita registrada (5 anos - APENAS 2 VISITAS)
1,2024-07-01,18.40,113.0,Visita faltante (SIMULAÇÃO DE DADOS P/ O FUTURO)
2,2020-03-12,3.20,50.0,Nascimento
2,2021-03-12,11.00,81.0,1 ano
2,2022-03-12,13.50,90.5,2 anos
2,2023-03-12,15.50,99.0,3 anos
2,2024-03-12,17.50,107.0,Última visita registrada (4 anos - APENAS 2 VISITAS)
2,2024-08-01,18.00,110.0,Visita faltante
3,2018-07-25,3.80,52.0,Nascimento (ALTA FREQUÊNCIA)
3,2019-01-25,7.00,66.0,Revisão 6 meses
3,2019-07-25,11.50,80.0,1 ano
3,2020-01-25,13.00,88.5,Revisão 1.5 anos
3,2020-07-25,14.50,95.0,2 anos
3,2021-01-25,15.50,100.0,Revisão
3,2021-07-25,16.80,105.0,3 anos
3,2022-01-25,17.50,108.0,Revisão
3,2022-07-25,19.00,112.5,4 anos
3,2023-01-25,20.00,116.0,Revisão
3,2023-07-25,21.50,120.0,5 anos
3,2024-01-25,22.50,123.0,Revisão
3,2024-07-25,24.00,127.0,6 anos
4,2021-11-02,3.40,49.0,Nascimento (FREQUÊNCIA PADRÃO)
4,2022-03-02,9.00,74.0,Revisão 6 meses
4,2022-07-02,11.00,82.0,Revisão
4,2022-11-02,12.50,88.0,1 ano
4,2023-03-02,14.00,94.0,Revisão
4,2023-07-02,15.00,98.0,Revisão
4,2023-11-02,16.00,102.0,2 anos
4,2024-03-02,17.20,107.0,Revisão
4,2024-07-02,18.50,110.0,Revisão
4,2024-11-02,19.50,113.0,3 anos
5,2017-05-18,3.60,51.0,Nascimento (ALTA FREQUÊNCIA)
5,2018-05-18,12.00,80.0,1 ano
5,2018-11-18,13.50,88.0,Revisão
5,2019-05-18,15.00,94.0,2 anos
5,2019-11-18,16.20,99.0,Revisão
5,2020-05-18,17.50,104.0,3 anos
5,2020-11-18,18.50,108.0,Revisão
5,2021-05-18,20.00,113.0,4 anos
5,2021-11-18,21.00,116.0,Revisão
5,2022-05-18,22.50,120.0,5 anos
5,2022-11-18,23.50,123.0,Revisão
5,2023-05-18,25.00,127.0,6 anos
5,2023-11-18,26.00,130.0,Revisão
5,2024-05-18,27.50,133.0,7 anos
5,2024-11-18,28.50,136.0,Revisão
6,2019-09-09,2.90,48.0,Nascimento (Prematuridade Leve - FREQUÊNCIA PADRÃO)
6,2020-01-09,5.50,60.0,Revisão
6,2020-05-09,8.00,70.0,Revisão
6,2020-09-09,10.50,78.0,1 ano
6,2021-01-09,12.00,85.0,Revisão
6,2021-05-09,13.50,91.0,Revisão
6,2021-09-09,15.00,96.0,2 anos
6,2022-01-09,16.20,101.0,Revisão
6,2022-05-09,17.50,105.0,Revisão
6,2022-09-09,18.80,108.5,3 anos
6,2023-01-09,19.50,111.0,Revisão
6,2023-05-09,20.50,114.0,Revisão
6,2023-09-09,21.50,117.0,4 anos
6,2024-01-09,22.50,120.0,Revisão
6,2024-05-09,23.50,123.0,Revisão
6,2024-09-09,24.50,126.0,5 anos
7,2020-12-15,3.45,50.0,Nascimento (FREQUÊNCIA PADRÃO)
7,2021-04-15,7.50,68.0,Revisão
7,2021-08-15,10.00,78.0,Revisão
7,2021-12-15,11.50,86.0,1 ano
7,2022-04-15,13.00,92.0,Revisão
7,2022-08-15,14.50,98.0,Revisão
7,2022-12-15,16.00,104.0,2 anos
7,2023-04-15,17.20,109.0,Revisão
7,2023-08-15,18.50,113.0,Revisão
7,2023-12-15,19.80,117.0,3 anos
7,2024-04-15,21.00,120.0,Revisão
7,2024-08-15,22.00,123.0,Revisão
7,2024-12-15,23.00,126.0,4 anos
8,2018-02-28,3.70,52.0,Nascimento (FREQUÊNCIA PADRÃO)
8,2018-06-28,8.00,70.0,Revisão
8,2018-10-28,10.50,80.0,Revisão
8,2019-02-28,12.00,88.0,1 ano
8,2019-06-28,13.50,93.0,Revisão
8,2019-10-28,14.80,98.0,Revisão
8,2020-02-28,16.00,102.0,2 anos
8,2020-06-28,17.00,105.0,Revisão
8,2020-10-28,18.50,109.0,Revisão
8,2021-02-28,19.80,113.0,3 anos
8,2021-06-28,21.00,116.0,Revisão
8,2021-10-28,22.20,119.0,Revisão
8,2022-02-28,23.50,122.0,4 anos
8,2022-06-28,24.50,124.0,Revisão
8,2022-10-28,25.80,127.0,Revisão
8,2023-02-28,27.00,130.0,5 anos
8,2023-06-28,28.00,132.0,Revisão
8,2023-10-28,29.20,134.0,Revisão
8,2024-02-28,30.50,136.0,6 anos
8,2024-06-28,31.50,138.0,Revisão
8,2024-10-28,32.80,140.0,Revisão
9,2021-06-21,3.30,49.0,Nascimento (FREQUÊNCIA PADRÃO)
9,2021-10-21,7.00,65.0,Revisão
9,2022-02-21,9.00,76.0,Revisão
9,2022-06-21,11.50,84.0,1 ano
9,2022-10-21,13.00,90.0,Revisão
9,2023-02-21,14.50,96.0,Revisão
9,2023-06-21,16.00,101.0,2 anos
9,2023-10-21,17.20,105.0,Revisão
9,2024-02-21,18.50,109.0,Revisão
9,2024-06-21,19.80,113.0,3 anos
9,2024-10-21,21.00,117.0,Revisão
10,2019-04-30,3.25,50.0,Nascimento (FREQUÊNCIA PADRÃO)
10,2019-08-30,7.00,68.0,Revisão
10,2019-12-30,9.50,78.0,Revisão
10,2020-04-30,11.50,86.0,1 ano
10,2020-08-30,13.00,91.0,Revisão
10,2020-12-30,14.50,96.0,Revisão
10,2021-04-30,16.00,101.0,2 anos
10,2021-08-30,17.20,105.0,Revisão
10,2021-12-30,18.50,109.0,Revisão
10,2022-04-30,19.80,113.0,3 anos
10,2022-08-30,21.00,116.0,Revisão
10,2022-12-30,22.20,119.0,Revisão
10,2023-04-30,23.50,122.0,4 anos
10,2023-08-30,24.50,124.0,Revisão
10,2023-12-30,25.80,127.0,Revisão
10,2024-04-30,27.00,130.0,5 anos
10,2024-08-30,28.00,132.0,Revisão
10,2024-12-30,29.20,134.0,Revisão
11,,,,
12,,,,
